seed,offset_low_mV,offset_high_mV,offset_est_mV,resolution_uV,status,startup_lib_warning
1001,2.6171900000000003,2.65625,2.6367200000000004,39.06000000000005,BRACKETED_WITH_STARTUP_WARNING,True
1002,1.95312,1.9921900000000001,1.9726550000000003,39.06999999999999,BRACKETED_WITH_STARTUP_WARNING,True
1003,2.42188,2.46094,2.44141,39.06000000000005,BRACKETED_WITH_STARTUP_WARNING,True
1004,2.65625,2.6953099999999997,2.67578,39.05999999999962,BRACKETED_WITH_STARTUP_WARNING,True
1005,4.76563,4.804690000000001,4.78516,39.060000000000485,BRACKETED_WITH_STARTUP_WARNING,True
1006,-1.8359400000000001,-1.7968700000000002,-1.816405,39.06999999999999,BRACKETED_WITH_STARTUP_WARNING,True
1007,4.84375,4.882809999999999,4.86328,39.05999999999962,BRACKETED_WITH_STARTUP_WARNING,True
1008,2.65625,2.6953099999999997,2.67578,39.05999999999962,BRACKETED_WITH_STARTUP_WARNING,True
1009,-5.74219,-5.70312,-5.7226550000000005,39.07000000000043,BRACKETED_WITH_STARTUP_WARNING,True
1010,1.71875,1.75781,1.73828,39.06000000000005,BRACKETED_WITH_STARTUP_WARNING,True
